job_id,job_title,company,location,source,employment_type,role_group,salary,description,requirements,skills_text,posted_date,url,full_text,skill_sql,skill_python,skill_excel,skill_power_bi,skill_tableau,skill_pandas,skill_numpy,skill_scikit_learn,skill_machine_learning,skill_deep_learning,skill_etl,skill_postgresql,skill_mysql,skill_mongodb,skill_spark,skill_pytorch,skill_tensorflow,skill_hugging_face,skill_dashboard,skill_data_visualization,skill_airflow,skill_aws,skill_gcp,skill_llm
JD001,Data Analyst Intern,CELLPHONES,Hồ Chí Minh,TopCV,Internship,Data Analyst / BI,3 - 4 triệu,Tiếp nhận và xử lý yêu cầu báo cáo Power BI; theo dõi báo cáo phụ trách; đảm bảo số liệu và báo cáo hoạt động tốt.,"Sinh viên năm cuối hoặc mới tốt nghiệp ngành Khoa học dữ liệu, Quản trị kinh doanh, Tài chính hoặc liên quan.",Power BI; report; data; dashboard; business reporting,,https://www.topcv.vn/viec-lam/data-analyst-intern/1158269.html,"data analyst intern tiếp nhận và xử lý yêu cầu báo cáo power bi; theo dõi báo cáo phụ trách; đảm bảo số liệu và báo cáo hoạt động tốt. sinh viên năm cuối hoặc mới tốt nghiệp ngành khoa học dữ liệu, quản trị kinh doanh, tài chính hoặc liên quan. power bi; report; data; dashboard; business reporting",False,False,False,True,False,False,False,False,False,False,False,False,False,False,False,False,False,False,True,False,False,False,False,False
JD002,Data Analyst - Consumer Insights - Quantitative Research Intern,Công ty TNHH Nielsen Vietnam,Hồ Chí Minh,TopCV,Internship,Data Analyst / BI,Thoả thuận,"Học kỹ năng phân tích, thuyết trình và làm việc nhóm trong môi trường nghiên cứu thị trường.","Phù hợp ứng viên quan tâm consumer insights, quantitative research, analytical work.",quantitative research; data analysis; presentation; consumer insights,,https://www.topcv.vn/viec-lam/data-analyst-consumer-insights-quantitative-research-intern/30576.html,"data analyst - consumer insights - quantitative research intern học kỹ năng phân tích, thuyết trình và làm việc nhóm trong môi trường nghiên cứu thị trường. phù hợp ứng viên quan tâm consumer insights, quantitative research, analytical work. quantitative research; data analysis; presentation; consumer insights",False,False,False,False,False,False,False,False,False,False,False,False,False,False,False,False,False,False,False,False,False,False,False,False
JD003,Data Analyst Intern,Công ty YouNet,Hồ Chí Minh,TopCV,Internship,Data Analyst / BI,Từ 2 triệu,"Đọc và phân loại bài viết, thảo luận mạng xã hội; đánh giá cảm xúc người dùng; cập nhật thông tin thương hiệu/sản phẩm.",Không yêu cầu kinh nghiệm; hỗ trợ team R&D.,social listening; data labeling; sentiment; classification; brand data,,https://www.topcv.vn/viec-lam/data-analyst-intern/169018.html,"data analyst intern đọc và phân loại bài viết, thảo luận mạng xã hội; đánh giá cảm xúc người dùng; cập nhật thông tin thương hiệu/sản phẩm. không yêu cầu kinh nghiệm; hỗ trợ team r&d. social listening; data labeling; sentiment; classification; brand data",False,False,False,False,False,False,False,False,True,False,False,False,False,False,False,False,False,False,False,False,False,False,False,False
JD004,Data Analyst Intern,Công ty TNHH NHM Việt Nam,Hồ Chí Minh,TopCV,Internship,Business Analyst,Thoả thuận,"Thu thập yêu cầu nghiệp vụ; phân tích quy trình; làm việc với product team, technical team và back office.",Dưới 1 năm kinh nghiệm; có khả năng phân tích dữ liệu và quy trình.,requirements gathering; process analysis; data analysis; product team,,https://www.topcv.vn/viec-lam/data-analyst-intern/1101575.html,"data analyst intern thu thập yêu cầu nghiệp vụ; phân tích quy trình; làm việc với product team, technical team và back office. dưới 1 năm kinh nghiệm; có khả năng phân tích dữ liệu và quy trình. requirements gathering; process analysis; data analysis; product team",False,False,False,False,False,False,False,False,False,False,False,False,False,False,False,False,False,False,False,False,False,False,False,False
JD005,Data Analyst Intern,Simple Group,Hồ Chí Minh - Quận 4,TopCV,Full-time Internship,Data Analyst / BI,Thoả thuận,Tham gia hoạt động phân tích dữ liệu trong môi trường growth/marketing; hỗ trợ báo cáo và phân tích kinh doanh.,Dưới 1 năm kinh nghiệm; có kỹ năng Python và SQL là lợi thế.,Python; SQL; data analysis; marketing analytics,,https://www.topcv.vn/viec-lam/data-analyst-intern/828939.html,data analyst intern tham gia hoạt động phân tích dữ liệu trong môi trường growth/marketing; hỗ trợ báo cáo và phân tích kinh doanh. dưới 1 năm kinh nghiệm; có kỹ năng python và sql là lợi thế. python; sql; data analysis; marketing analytics,True,True,False,False,False,False,False,False,False,False,False,False,False,False,False,False,False,False,False,False,False,False,False,False
JD006,Data Analyst Intern,Công ty Cổ Phần Tư Vấn Đầu Tư Giải Trí VI,Hồ Chí Minh,TopCV,Full-time Internship,Data Analyst / BI,3.9 - 4 triệu,"Chuẩn bị monthly reports; kiểm tra chi phí kho vận; phân tích game data, layout và revenue để đề xuất điều chỉnh.",Không yêu cầu kinh nghiệm; đại học trở lên.,monthly report; revenue analysis; game data; cost checking,,https://www.topcv.vn/viec-lam/data-analyst-intern/2071005.html,"data analyst intern chuẩn bị monthly reports; kiểm tra chi phí kho vận; phân tích game data, layout và revenue để đề xuất điều chỉnh. không yêu cầu kinh nghiệm; đại học trở lên. monthly report; revenue analysis; game data; cost checking",False,False,False,False,False,False,False,False,False,False,False,False,False,False,False,False,False,False,True,False,False,False,False,False
JD007,Data Analyst Intern,CÔNG TY TNHH FINAN,Hồ Chí Minh,TopCV,Internship,Data Analyst / BI,2 - 3 triệu,Làm sạch dữ liệu lỗi; dùng công cụ thống kê để phân tích pattern/trend; dùng visualization tools đáp ứng business request.,Dưới 1 năm kinh nghiệm.,data cleaning; statistics; visualization; Superset; DataStudio,,https://www.topcv.vn/viec-lam/data-analyst-intern/813350.html,data analyst intern làm sạch dữ liệu lỗi; dùng công cụ thống kê để phân tích pattern/trend; dùng visualization tools đáp ứng business request. dưới 1 năm kinh nghiệm. data cleaning; statistics; visualization; superset; datastudio,False,False,False,False,False,False,False,False,False,False,False,False,False,False,False,False,False,False,False,True,False,False,False,False
JD008,Data Analyst Intern,Công ty TNHH Dịch vụ Thương mại Yes4All,Hồ Chí Minh,TopCV,Internship,Data Analyst / BI,Tới 5 triệu,Xây dựng và duy trì dashboard tự động; phân tích dữ liệu phức tạp; đưa ra actionable recommendations cho stakeholder.,Bachelor degree hoặc đang học liên quan; phối hợp team để hiểu business needs.,dashboard; automation; analytics; stakeholder; business recommendation,,https://www.topcv.vn/viec-lam/data-analyst-intern/670620.html,data analyst intern xây dựng và duy trì dashboard tự động; phân tích dữ liệu phức tạp; đưa ra actionable recommendations cho stakeholder. bachelor degree hoặc đang học liên quan; phối hợp team để hiểu business needs. dashboard; automation; analytics; stakeholder; business recommendation,False,False,False,False,False,False,False,False,False,False,False,False,False,False,False,False,False,False,True,False,False,False,False,False
JD009,Data Analyst Intern,CÔNG TY TNHH BUYMED,Hồ Chí Minh,TopCV,Internship,Data Analyst / BI,Tới 3 triệu,Diễn giải dữ liệu; phân tích kết quả bằng kỹ thuật thống kê; xây dựng database và data collection systems.,Không yêu cầu kinh nghiệm.,statistics; database; data collection; data analytics; trend analysis,,https://www.topcv.vn/viec-lam/data-analyst-intern/475514.html,data analyst intern diễn giải dữ liệu; phân tích kết quả bằng kỹ thuật thống kê; xây dựng database và data collection systems. không yêu cầu kinh nghiệm. statistics; database; data collection; data analytics; trend analysis,False,False,False,False,False,False,False,False,False,False,False,False,False,False,False,False,False,False,False,False,False,False,False,False
JD010,Data Analyst Intern,Công ty YouNet,Hồ Chí Minh,TopCV,Internship,Data Analyst / BI,Từ 3 triệu,"Phân loại bài viết, thảo luận, bình luận mạng xã hội; gán nhãn dữ liệu; verify influencer/KOL.",Sinh viên năm 3 hoặc năm 4; có laptop; full-time 3 tháng.,data labeling; social media; classification; KOL; annotation,,https://www.topcv.vn/viec-lam/data-analyst-intern/834148.html,"data analyst intern phân loại bài viết, thảo luận, bình luận mạng xã hội; gán nhãn dữ liệu; verify influencer/kol. sinh viên năm 3 hoặc năm 4; có laptop; full-time 3 tháng. data labeling; social media; classification; kol; annotation",False,False,False,False,False,False,False,False,True,False,False,False,False,False,False,False,False,False,False,False,False,False,False,False
JD011,Data Analyst Intern,Công ty YouNet,Hồ Chí Minh,TopCV,Internship,Data Analyst / BI,Từ 3 triệu,"Đọc, phân loại thảo luận mạng xã hội; thu thập dữ liệu công khai trên mạng xã hội về hệ thống.",Không yêu cầu kinh nghiệm.,social data; public data collection; classification; sentiment,,https://www.topcv.vn/viec-lam/data-analyst-intern/912147.html,"data analyst intern đọc, phân loại thảo luận mạng xã hội; thu thập dữ liệu công khai trên mạng xã hội về hệ thống. không yêu cầu kinh nghiệm. social data; public data collection; classification; sentiment",False,False,False,False,False,False,False,False,True,False,False,False,False,False,False,False,False,False,False,False,False,False,False,False
JD012,Data Analyst Intern,CÔNG TY TNHH BUYMED,Hồ Chí Minh - Quận 1,TopCV,Full-time,Data Analyst / BI,Thoả thuận,"Làm việc với business users để xác định BI needs như demand planning, inventory management, pricing.",Yêu cầu kinh nghiệm cao hơn intern thông thường; phù hợp tham khảo skill thị trường.,BI; demand planning; inventory; pricing; business users,,https://www.topcv.vn/viec-lam/data-analyst-intern/1112662.html,"data analyst intern làm việc với business users để xác định bi needs như demand planning, inventory management, pricing. yêu cầu kinh nghiệm cao hơn intern thông thường; phù hợp tham khảo skill thị trường. bi; demand planning; inventory; pricing; business users",False,False,False,False,False,False,False,False,False,False,False,False,False,False,False,False,False,False,False,False,False,False,False,False
JD013,Thực Tập Sinh Trí Tuệ Nhân Tạo AI Intern,Công ty TNHH Vietnam Concentrix Services,Hồ Chí Minh,TopCV,Full-time Internship,AI / ML,Thoả thuận,"Tham gia dự án AI thật cùng đội ngũ dev; có mentor hướng dẫn; liên quan LLM, Prompt Engineering hoặc Agent.","Có hiểu biết về LLM, Prompt Engineering hoặc từng thử nghiệm Agent.",LLM; prompt engineering; AI agent; development,,https://www.topcv.vn/brand/concentrixservices/tuyen-dung/thuc-tap-sinh-tri-tue-nhan-tao-ai-intern-j1988558.html,"thực tập sinh trí tuệ nhân tạo ai intern tham gia dự án ai thật cùng đội ngũ dev; có mentor hướng dẫn; liên quan llm, prompt engineering hoặc agent. có hiểu biết về llm, prompt engineering hoặc từng thử nghiệm agent. llm; prompt engineering; ai agent; development",False,False,False,False,False,False,False,False,False,False,False,False,False,False,False,False,False,False,False,False,False,False,False,True
JD014,AI Engineer Intern,CÔNG TY CP HEPHAESTUS TECHNOLOGY,Hồ Chí Minh,TopCV,Internship,AI / ML,1 - 5 triệu,"Tham gia nghiên cứu, phát triển và xây dựng công nghệ lõi AI cho xử lý ngôn ngữ tự nhiên NLP.",Dưới 1 năm kinh nghiệm; định hướng AI Engineer.,AI; NLP; research; model development,,https://www.topcv.vn/viec-lam/ai-engineer-intern/1024400.html,"ai engineer intern tham gia nghiên cứu, phát triển và xây dựng công nghệ lõi ai cho xử lý ngôn ngữ tự nhiên nlp. dưới 1 năm kinh nghiệm; định hướng ai engineer. ai; nlp; research; model development",False,False,False,False,False,False,False,False,False,False,False,False,False,False,False,False,False,False,False,False,False,False,False,False
JD015,AI Intern,IMT SOLUTIONS CORP,Hồ Chí Minh,TopCV,Internship,AI / ML,Tới 1 triệu,Làm việc với team để làm rõ requirement; hỗ trợ maintain và thêm feature cho AI projects; research và integrate LLM.,Không yêu cầu kinh nghiệm; đại học trở lên.,AI project; LLM; requirement; feature development,,https://www.topcv.vn/viec-lam/ai-intern/1598604.html,ai intern làm việc với team để làm rõ requirement; hỗ trợ maintain và thêm feature cho ai projects; research và integrate llm. không yêu cầu kinh nghiệm; đại học trở lên. ai project; llm; requirement; feature development,False,False,False,False,False,False,False,False,False,False,False,False,False,False,False,False,False,False,False,False,False,False,False,True
JD016,Machine Learning Intern,MCV Corporation,Hồ Chí Minh - Quận 7,TopCV,Full-time Internship,AI / ML,Từ 5 triệu,"Vị trí Machine Learning Intern trong công ty truyền thông/quảng cáo, thực tập sinh số lượng tuyển 5.",Phù hợp ứng viên quan tâm Machine Learning.,machine learning; AI; data science,,https://www.topcv.vn/viec-lam/machine-learning-intern/835775.html,"machine learning intern vị trí machine learning intern trong công ty truyền thông/quảng cáo, thực tập sinh số lượng tuyển 5. phù hợp ứng viên quan tâm machine learning. machine learning; ai; data science",False,False,False,False,False,False,False,False,True,False,False,False,False,False,False,False,False,False,False,False,False,False,False,False
JD017,Data Engineer Intern,CÔNG TY CỔ PHẦN ĐẦU TƯ FINPROS,"Hà Nội, Hồ Chí Minh",TopCV,Internship,Data Engineer,1 - 5 triệu,Phát triển công cụ lưu trữ dữ liệu; tối ưu ghi/đọc database; xây dựng kết nối dữ liệu; hoàn thiện Data Center/Data Warehouse.,Không yêu cầu kinh nghiệm.,database; data warehouse; data center; data source; performance,,https://www.topcv.vn/viec-lam/data-engineer-intern/1008332.html,data engineer intern phát triển công cụ lưu trữ dữ liệu; tối ưu ghi/đọc database; xây dựng kết nối dữ liệu; hoàn thiện data center/data warehouse. không yêu cầu kinh nghiệm. database; data warehouse; data center; data source; performance,False,False,False,False,False,False,False,False,False,False,False,False,False,False,False,False,False,False,False,False,False,False,False,False
JD018,Data Engineer Intern,Orient Software Development Corporation,"Đà Nẵng, Hồ Chí Minh",TopCV,Internship,Data Engineer,Tới 4 triệu,Research data tools; đề xuất giải pháp; thiết kế và hỗ trợ quá trình data integration.,Không yêu cầu kinh nghiệm.,data tools; data integration; implementation; estimation,,https://www.topcv.vn/viec-lam/data-engineer-intern/888783.html,data engineer intern research data tools; đề xuất giải pháp; thiết kế và hỗ trợ quá trình data integration. không yêu cầu kinh nghiệm. data tools; data integration; implementation; estimation,False,False,False,False,False,False,False,False,False,False,False,False,False,False,False,False,False,False,False,False,False,False,False,False
JD019,Data Engineer Intern,KYANON DIGITAL,Hồ Chí Minh,TopCV,Internship,Data Engineer,Từ 2 triệu,Maintain data warehouse; technical support BI team to build dashboard reporting; làm task từ mentor.,"Dưới 1 năm kinh nghiệm; đang học/tốt nghiệp IT, IS, Software Engineer hoặc liên quan.",data warehouse; BI; dashboard; technical support,,https://www.topcv.vn/viec-lam/data-engineer-intern/591889.html,"data engineer intern maintain data warehouse; technical support bi team to build dashboard reporting; làm task từ mentor. dưới 1 năm kinh nghiệm; đang học/tốt nghiệp it, is, software engineer hoặc liên quan. data warehouse; bi; dashboard; technical support",False,False,False,False,False,False,False,False,False,False,False,False,False,False,False,False,False,False,True,False,False,False,False,False
JD020,Data Engineer Intern,ATALINK TECHNOLOGY JOINT STOCK COMPANY,Hồ Chí Minh,TopCV,Internship,Data Engineer,1 - 3 triệu,"Xây dựng và duy trì data pipelines ETL/ELT; collect, clean, process data từ API, database, file, crawler; làm với PostgreSQL, MySQL, ClickHouse, Airflow.","Sinh viên năm cuối hoặc mới tốt nghiệp CS, Data Science, IS, Mathematics hoặc liên quan.",ETL; ELT; API; PostgreSQL; MySQL; ClickHouse; Airflow; SQL,,https://www.topcv.vn/viec-lam/data-engineer-intern/1991600.html,"data engineer intern xây dựng và duy trì data pipelines etl/elt; collect, clean, process data từ api, database, file, crawler; làm với postgresql, mysql, clickhouse, airflow. sinh viên năm cuối hoặc mới tốt nghiệp cs, data science, is, mathematics hoặc liên quan. etl; elt; api; postgresql; mysql; clickhouse; airflow; sql",True,False,False,False,False,False,False,False,False,False,True,True,True,False,False,False,False,False,False,False,True,False,False,False
JD021,Data Engineer Intern,Orient Software Development Corporation,"Hồ Chí Minh, Đà Nẵng",TopCV,Internship,Data Engineer,Thoả thuận,"Research data tools để giải quyết yêu cầu khách hàng; đề xuất solution, estimation và implement tools/integration.",Không yêu cầu kinh nghiệm.,data tools; data integration; customer requirements,,https://www.topcv.vn/viec-lam/data-engineer-intern/968072.html,"data engineer intern research data tools để giải quyết yêu cầu khách hàng; đề xuất solution, estimation và implement tools/integration. không yêu cầu kinh nghiệm. data tools; data integration; customer requirements",False,False,False,False,False,False,False,False,False,False,False,False,False,False,False,False,False,False,False,False,False,False,False,False
JD022,Data Engineer Intern,Công ty Cổ phần Dịch vụ Tức Thời Ahamove,Hồ Chí Minh,TopCV,Internship,Data Engineer,Thoả thuận,"Maintain và optimize data infrastructure gồm database, ETL/ELT pipelines; làm với GCP, AWS, Databricks; ETL/ELT data mart.",Không yêu cầu kinh nghiệm.,ETL; ELT; database; GCP; AWS; Databricks; data mart,,https://www.topcv.vn/viec-lam/data-engineer-intern/1190610.html,"data engineer intern maintain và optimize data infrastructure gồm database, etl/elt pipelines; làm với gcp, aws, databricks; etl/elt data mart. không yêu cầu kinh nghiệm. etl; elt; database; gcp; aws; databricks; data mart",False,False,False,False,False,False,False,False,False,False,True,False,False,False,False,False,False,False,False,False,False,True,True,False
JD023,Data Engineer Intern Internship Training Program,SCC VIETNAM,Hồ Chí Minh,TopCV,Internship,Data Engineer,Tới 4 triệu,Tham gia Microsoft Power BI training program; học cách xây dựng business intelligence reports.,Không yêu cầu kinh nghiệm.,Power BI; BI report; data engineering training,,https://www.topcv.vn/viec-lam/data-engineer-intern-internship-training-program/616132.html,data engineer intern internship training program tham gia microsoft power bi training program; học cách xây dựng business intelligence reports. không yêu cầu kinh nghiệm. power bi; bi report; data engineering training,False,False,False,True,False,False,False,False,False,False,False,False,False,False,False,False,False,False,True,False,False,False,False,False
JD024,Data Engineering Intern,ShopBack,Hồ Chí Minh,ShopBack Careers,Internship,Data Engineer,Unknown,"Tin careers ShopBack thuộc Engineering - Data Platform, vị trí Data Engineering Intern tại Ho Chi Minh, Vietnam.",Thông tin chi tiết cần crawl từ trang Lever job detail.,data engineering; data platform; engineering,,https://jobs.lever.co/shopback-2/,"data engineering intern tin careers shopback thuộc engineering - data platform, vị trí data engineering intern tại ho chi minh, vietnam. thông tin chi tiết cần crawl từ trang lever job detail. data engineering; data platform; engineering",False,False,False,False,False,False,False,False,False,False,False,False,False,False,False,False,False,False,False,False,False,False,False,False
JD025,Business Analyst Intern,SmartPay,Hồ Chí Minh,TopCV,Internship,Business Analyst,Tới 2 triệu,"Research công nghệ và product functionalities; phát triển BRD, transaction flows; phối hợp team và hỗ trợ operation.",Dưới 1 năm kinh nghiệm.,BRD; transaction flow; product; requirement; operation,,https://www.topcv.vn/viec-lam/business-analyst-intern/503522.html,"business analyst intern research công nghệ và product functionalities; phát triển brd, transaction flows; phối hợp team và hỗ trợ operation. dưới 1 năm kinh nghiệm. brd; transaction flow; product; requirement; operation",False,False,False,False,False,False,False,False,False,False,False,False,False,False,False,False,False,False,False,False,False,False,False,False
JD026,Business Analyst Intern - Hồ Chí Minh,CÔNG TY CỔ PHẦN PROSHIP,Hồ Chí Minh - Tân Bình,TopCV,Internship,Business Analyst,Thoả thuận,"Thu thập và tìm hiểu yêu cầu nghiệp vụ; tạo tài liệu đặc tả hệ thống, use case, business rules, wireframe; hỗ trợ kiểm thử.",Không yêu cầu kinh nghiệm; có nền tảng IT; biết dữ liệu và truy vấn dữ liệu cơ bản; Figma là lợi thế.,requirements; use case; business rules; wireframe; testing; Figma; SQL,,https://www.topcv.vn/viec-lam/business-analyst-intern-ho-chi-minh/1005721.html,"business analyst intern - hồ chí minh thu thập và tìm hiểu yêu cầu nghiệp vụ; tạo tài liệu đặc tả hệ thống, use case, business rules, wireframe; hỗ trợ kiểm thử. không yêu cầu kinh nghiệm; có nền tảng it; biết dữ liệu và truy vấn dữ liệu cơ bản; figma là lợi thế. requirements; use case; business rules; wireframe; testing; figma; sql",True,False,False,False,False,False,False,False,False,False,False,False,False,False,False,False,False,False,False,False,False,False,False,False
JD027,Business Analyst Intern,CÔNG TY TNHH PEACH CONSULTING,Hồ Chí Minh - Bình Thạnh,TopCV,Internship,Business Analyst,Từ 3 triệu,Hiểu nhu cầu khách hàng; phân tích và thiết kế hệ thống; đề xuất technical solution; phối hợp stakeholder; test và đánh giá performance.,Khoảng 1 năm kinh nghiệm.,stakeholder; system analysis; solution; testing; performance,,https://www.topcv.vn/viec-lam/business-analyst-intern/1099314.html,business analyst intern hiểu nhu cầu khách hàng; phân tích và thiết kế hệ thống; đề xuất technical solution; phối hợp stakeholder; test và đánh giá performance. khoảng 1 năm kinh nghiệm. stakeholder; system analysis; solution; testing; performance,False,False,False,False,False,False,False,False,False,False,False,False,False,False,False,False,False,False,False,False,False,False,False,False
JD028,Business Analyst Intern,Công ty TNHH NHM Việt Nam,Hồ Chí Minh,TopCV,Internship,Business Analyst,Thoả thuận,"Gathering requirements; phân tích quy trình, workflow, system; phân tích dữ liệu để hỗ trợ decision-making.",Dưới 1 năm kinh nghiệm.,requirements gathering; workflow; process; data analysis,,https://www.topcv.vn/viec-lam/business-analyst-intern/1077735.html,"business analyst intern gathering requirements; phân tích quy trình, workflow, system; phân tích dữ liệu để hỗ trợ decision-making. dưới 1 năm kinh nghiệm. requirements gathering; workflow; process; data analysis",False,False,False,False,False,False,False,False,False,False,False,False,False,False,False,False,False,False,False,False,False,False,False,False
JD029,Business Analyst Intern,Công ty TNHH Lửa Á Châu,Hồ Chí Minh,TopCV,Internship,Business Analyst,Thoả thuận,Phân tích yêu cầu khách hàng; thiết kế quy trình kinh doanh thành hệ thống; mô tả và phân tích nghiệp vụ; xây dựng tài liệu đặc tả.,Không yêu cầu kinh nghiệm; đại học trở lên.,business process; requirement analysis; specification; documentation,,https://www.topcv.vn/viec-lam/business-analyst-intern/334067.html,business analyst intern phân tích yêu cầu khách hàng; thiết kế quy trình kinh doanh thành hệ thống; mô tả và phân tích nghiệp vụ; xây dựng tài liệu đặc tả. không yêu cầu kinh nghiệm; đại học trở lên. business process; requirement analysis; specification; documentation,False,False,False,False,False,False,False,False,False,False,False,False,False,False,False,False,False,False,False,False,False,False,False,False
JD030,Business Analyst Intern,CÔNG TY CỔ PHẦN THƯƠNG MẠI DỊCH VỤ CÔNG NGHỆ BIZITRIP,Hồ Chí Minh,TopCV,Internship,Business Analyst,Thoả thuận,"Hỗ trợ thu thập và phân tích yêu cầu người dùng; viết BRD, URD; phân tích quy trình đặt vé máy bay, khách sạn, tour; hỗ trợ kiểm thử.",Không yêu cầu kinh nghiệm; cao đẳng trở lên.,BRD; URD; user requirement; process analysis; testing,,https://www.topcv.vn/viec-lam/business-analyst-intern/1500263.html,"business analyst intern hỗ trợ thu thập và phân tích yêu cầu người dùng; viết brd, urd; phân tích quy trình đặt vé máy bay, khách sạn, tour; hỗ trợ kiểm thử. không yêu cầu kinh nghiệm; cao đẳng trở lên. brd; urd; user requirement; process analysis; testing",False,False,False,False,False,False,False,False,False,False,False,False,False,False,False,False,False,False,False,False,False,False,False,False
JD031,Business Analyst Intern,ATALINK TECHNOLOGY JOINT STOCK COMPANY,Hồ Chí Minh - Quận 12,TopCV,Full-time Internship,Business Analyst,1 - 3 triệu,"Tự động hóa việc gathering, analysis và reporting metrics; market research; competitor analysis; dùng quantitative analysis và statistics.",Không yêu cầu kinh nghiệm.,market research; metrics; reporting; statistics; quantitative analysis,,https://www.topcv.vn/viec-lam/business-analyst-intern/1550105.html,"business analyst intern tự động hóa việc gathering, analysis và reporting metrics; market research; competitor analysis; dùng quantitative analysis và statistics. không yêu cầu kinh nghiệm. market research; metrics; reporting; statistics; quantitative analysis",False,False,False,False,False,False,False,False,False,False,False,False,False,False,False,False,False,False,True,False,False,False,False,False
JD032,Business Analyst Intern,ATALINK TECHNOLOGY JOINT STOCK COMPANY,Hồ Chí Minh,TopCV,Full-time Internship,Business Analyst,1 - 3 triệu,Collect and analyze customer requirements; develop models and solutions; write project specification documents; organize training and troubleshoot issues.,Không yêu cầu kinh nghiệm; đại học trở lên.,customer requirements; specification; training; troubleshoot,,https://www.topcv.vn/viec-lam/business-analyst-intern/1995484.html,business analyst intern collect and analyze customer requirements; develop models and solutions; write project specification documents; organize training and troubleshoot issues. không yêu cầu kinh nghiệm; đại học trở lên. customer requirements; specification; training; troubleshoot,False,False,False,False,False,False,False,False,False,False,False,False,False,False,False,False,False,False,False,False,False,False,False,False
JD033,Business Analyst Intern,Công ty TNHH Tổng công ty Công nghệ & Giải pháp CMC,Hồ Chí Minh,TopCV,Internship,Business Analyst,Thoả thuận,"Hỗ trợ tìm hiểu vận hành doanh nghiệp, nghiệp vụ quy trình; nghiên cứu công nghệ RPA; đề xuất tự động hóa quy trình.",Không yêu cầu kinh nghiệm.,business process; RPA; automation; operation analysis,,https://www.topcv.vn/viec-lam/business-analyst-intern/1169198.html,"business analyst intern hỗ trợ tìm hiểu vận hành doanh nghiệp, nghiệp vụ quy trình; nghiên cứu công nghệ rpa; đề xuất tự động hóa quy trình. không yêu cầu kinh nghiệm. business process; rpa; automation; operation analysis",False,False,False,False,False,False,False,False,False,False,False,False,False,False,False,False,False,False,False,False,False,False,False,False
JD034,Software Engineer Intern/ Thực Tập Sinh,Công ty TNHH Telio Việt Nam,"Hà Nội, Hồ Chí Minh",TopCV,Full-time Internship,Software / Other,Từ 8 triệu,Tham gia implement innovation projects; được mentor bởi software development engineers; duration 6 months.,Không yêu cầu kinh nghiệm.,software engineering; innovation project; development,,https://www.topcv.vn/viec-lam/software-engineer-intern-thuc-tap-sinh/565913.html,software engineer intern/ thực tập sinh tham gia implement innovation projects; được mentor bởi software development engineers; duration 6 months. không yêu cầu kinh nghiệm. software engineering; innovation project; development,False,False,False,False,False,False,False,False,False,False,False,False,False,False,False,False,False,False,False,False,False,False,False,False
JD035,Software Engineer Intern,Hitachi Vantara Vietnam Co Ltd,"Hà Nội, Hồ Chí Minh",TopCV,Internship,Software / Other,Thoả thuận,"Programming and developing web applications, web services trên nhiều platform; phối hợp team đảm bảo product quality.",Dưới 1 năm kinh nghiệm.,web application; web service; programming; product quality,,https://www.topcv.vn/viec-lam/software-engineer-intern/496178.html,"software engineer intern programming and developing web applications, web services trên nhiều platform; phối hợp team đảm bảo product quality. dưới 1 năm kinh nghiệm. web application; web service; programming; product quality",False,False,False,False,False,False,False,False,False,False,False,False,False,False,False,False,False,False,False,False,False,False,False,False
JD036,Software Engineer Intern,CÔNG TY TNHH BUYMED,Hồ Chí Minh,TopCV,Internship,Software / Other,Tới 3 triệu,Tham gia software development activities; viết code implement features/fix bugs; unit testing; documentation; teamwork và report status.,Không yêu cầu kinh nghiệm; GPA từ 7; làm 3-5 ngày/tuần.,software development; coding; unit testing; documentation; teamwork,,https://www.topcv.vn/viec-lam/software-engineer-intern/483605.html,software engineer intern tham gia software development activities; viết code implement features/fix bugs; unit testing; documentation; teamwork và report status. không yêu cầu kinh nghiệm; gpa từ 7; làm 3-5 ngày/tuần. software development; coding; unit testing; documentation; teamwork,False,False,False,False,False,False,False,False,False,False,False,False,False,False,False,False,False,False,True,False,False,False,False,False
JD037,Software Engineer Intern,GoWare Technology JSC,Hồ Chí Minh - Quận 1,TopCV,Internship,Software / Other,Thoả thuận,Break down requirements; đề xuất solution; implement solution; đảm bảo chất lượng codebase; làm trong startup environment.,"Dưới 1 năm kinh nghiệm; có skill HTML5, Javascript, NodeJS, CSS3, ReactJS, problem-solving.",HTML5; JavaScript; NodeJS; CSS3; ReactJS; problem solving,,https://www.topcv.vn/viec-lam/software-engineer-intern/566619.html,"software engineer intern break down requirements; đề xuất solution; implement solution; đảm bảo chất lượng codebase; làm trong startup environment. dưới 1 năm kinh nghiệm; có skill html5, javascript, nodejs, css3, reactjs, problem-solving. html5; javascript; nodejs; css3; reactjs; problem solving",False,False,False,False,False,False,False,False,False,False,False,False,False,False,False,False,False,False,False,False,False,False,False,False
JD038,Software Engineer Intern,Công ty TNHH MTV Netpower Việt Nam,Hồ Chí Minh - Tân Bình,TopCV,Full-time Internship,Software / Other,Thoả thuận,"Tham gia project với khách hàng European market; được training workflow, soft skills và software development bằng NodeJS, .NET, Java, Python, PHP, JS.",Không yêu cầu kinh nghiệm.,NodeJS; .NET; Java; Python; PHP; JavaScript; full stack; backend; frontend,,https://www.topcv.vn/viec-lam/software-engineer-intern/791769.html,"software engineer intern tham gia project với khách hàng european market; được training workflow, soft skills và software development bằng nodejs, .net, java, python, php, js. không yêu cầu kinh nghiệm. nodejs; .net; java; python; php; javascript; full stack; backend; frontend",False,True,False,False,False,False,False,False,False,False,False,False,False,False,False,False,False,False,False,False,False,False,False,False
JD039,Embedded Software Engineer Intern,BOSCH GLOBAL SOFTWARE TECHNOLOGIES,Hồ Chí Minh,TopCV,Internship,Software / Other,Thoả thuận,Tham gia phát triển software cho Engine Control Unit; làm với dự án embedded software; hỗ trợ development team.,Sinh viên ngành Embedded Software Development; mạnh C/C++; scripting Python/Perl/VB; microcontroller; English.,C; C++; Python; Perl; embedded; microcontroller; RTOS,,https://www.topcv.vn/viec-lam/embedded-software-engineer-intern/890701.html,embedded software engineer intern tham gia phát triển software cho engine control unit; làm với dự án embedded software; hỗ trợ development team. sinh viên ngành embedded software development; mạnh c/c++; scripting python/perl/vb; microcontroller; english. c; c++; python; perl; embedded; microcontroller; rtos,False,True,False,False,False,False,False,False,False,False,False,False,False,False,False,False,False,False,False,False,False,False,False,False
JD040,Software Engineer Intern - Backend Team,Công ty TNHH Cốc Cốc,Hồ Chí Minh - Quận 1,TopCV,Internship,Software / Other,Tới 8 triệu,"Build, iterate, test và deploy features/products; maintain codebase; tham gia Agile process; unit testing và documentation.",Không yêu cầu kinh nghiệm.,backend; Agile; unit testing; deployment; codebase,,https://www.topcv.vn/viec-lam/software-engineer-intern-backend-team/1038004.html,"software engineer intern - backend team build, iterate, test và deploy features/products; maintain codebase; tham gia agile process; unit testing và documentation. không yêu cầu kinh nghiệm. backend; agile; unit testing; deployment; codebase",False,False,False,False,False,False,False,False,False,False,False,False,False,False,False,False,False,False,False,False,False,False,False,False
JD041,Intern Data Analyst (Trợ Cấp 3M-5M/Tháng),Công ty TNHH Dịch vụ công nghệ TP,Hà Nội,TopCV,Full-time,Data Analyst / BI,3 - 5 triệu,"Hỗ trợ phân tích dữ liệu, tổng hợp báo cáo và xử lý yêu cầu dữ liệu nội bộ.","Phù hợp ứng viên thực tập/fresher quan tâm Data Analyst, có tư duy phân tích và biết công cụ văn phòng.",data analyst intern; reporting; Excel; SQL; data analysis,,https://www.topcv.vn/viec-lam/intern-data-analyst-tro-cap-3m-5m-thang/2176140.html,"intern data analyst (trợ cấp 3m-5m/tháng) hỗ trợ phân tích dữ liệu, tổng hợp báo cáo và xử lý yêu cầu dữ liệu nội bộ. phù hợp ứng viên thực tập/fresher quan tâm data analyst, có tư duy phân tích và biết công cụ văn phòng. data analyst intern; reporting; excel; sql; data analysis",True,False,True,False,False,False,False,False,False,False,False,False,False,False,False,False,False,False,True,False,False,False,False,False
JD042,Digital Transformation Intern - Business Analyst (BA) Intern,CÔNG TY TNHH THỜI TRANG CALIE HOUSE,Hà Nội,TopCV,Full-time,Business Analyst,4 - 5 triệu,"Hỗ trợ chuyển đổi số, ghi nhận yêu cầu nghiệp vụ và phối hợp với các bên liên quan.","Quan tâm business analyst, digital transformation, có khả năng giao tiếp và tài liệu hóa yêu cầu.",business analyst; digital transformation; requirement; documentation; stakeholder,,https://www.topcv.vn/viec-lam/digital-transformation-intern-business-analyst-ba-intern/2205509.html,"digital transformation intern - business analyst (ba) intern hỗ trợ chuyển đổi số, ghi nhận yêu cầu nghiệp vụ và phối hợp với các bên liên quan. quan tâm business analyst, digital transformation, có khả năng giao tiếp và tài liệu hóa yêu cầu. business analyst; digital transformation; requirement; documentation; stakeholder",False,False,False,False,False,False,False,False,False,False,False,False,False,False,False,False,False,False,False,False,False,False,False,False
JD043,Data Analyst Intern (IT Industry),Công ty Cổ Phần Base Enterprise,Hà Nội,TopCV,Part-time,Data Analyst / BI,Thoả thuận,Hỗ trợ phân tích dữ liệu trong môi trường sản phẩm/phần mềm doanh nghiệp.,"Phù hợp sinh viên hoặc ứng viên mới bắt đầu, quan tâm phân tích dữ liệu và sản phẩm IT.",data analyst; IT industry; Excel; SQL; reporting,,https://www.topcv.vn/viec-lam/data-analyst-intern-it-industry/1168667.html,"data analyst intern (it industry) hỗ trợ phân tích dữ liệu trong môi trường sản phẩm/phần mềm doanh nghiệp. phù hợp sinh viên hoặc ứng viên mới bắt đầu, quan tâm phân tích dữ liệu và sản phẩm it. data analyst; it industry; excel; sql; reporting",True,False,True,False,False,False,False,False,False,False,False,False,False,False,False,False,False,False,True,False,False,False,False,False
JD044,Business Analyst Intern (Thực Tập Sinh BA),Tập Đoàn Novaon,Hà Nội,TopCV,Full-time,Business Analyst,Tới 2 triệu,"Hỗ trợ phân tích nghiệp vụ, viết tài liệu yêu cầu và phối hợp với team sản phẩm/kỹ thuật.","Ứng viên có tư duy logic, giao tiếp tốt, quan tâm BA/product/software project.",business analyst; requirement; user story; documentation; product,,https://www.topcv.vn/viec-lam/business-analyst-intern-thuc-tap-sinh-ba/1296943.html,"business analyst intern (thực tập sinh ba) hỗ trợ phân tích nghiệp vụ, viết tài liệu yêu cầu và phối hợp với team sản phẩm/kỹ thuật. ứng viên có tư duy logic, giao tiếp tốt, quan tâm ba/product/software project. business analyst; requirement; user story; documentation; product",False,False,False,False,False,False,False,False,False,False,False,False,False,False,False,False,False,False,False,False,False,False,False,False
JD045,Data Analyst Intern,Công ty TNHH INTERSPACE VIỆT NAM,Hà Nội,TopCV,Full-time,Data Analyst / BI,Từ 2 triệu,"Hỗ trợ phân tích dữ liệu, theo dõi số liệu vận hành/marketing và lập báo cáo.","Có khả năng xử lý dữ liệu cơ bản, cẩn thận, biết Excel/Google Sheets là lợi thế.",data analysis; Excel; Google Sheets; reporting; marketing data,,https://www.topcv.vn/viec-lam/data-analyst-intern/1575506.html,"data analyst intern hỗ trợ phân tích dữ liệu, theo dõi số liệu vận hành/marketing và lập báo cáo. có khả năng xử lý dữ liệu cơ bản, cẩn thận, biết excel/google sheets là lợi thế. data analysis; excel; google sheets; reporting; marketing data",False,False,True,False,False,False,False,False,False,False,False,False,False,False,False,False,False,False,True,False,False,False,False,False
JD046,"Business Analyst Intern (Tài Chính, Kế, Kiểm)",CÔNG TY CỔ PHẦN CÔNG NGHỆ SICIX,Hà Nội,TopCV,Full-time,Business Analyst,Tới 5 triệu,Hỗ trợ phân tích nghiệp vụ tài chính/kế toán/kiểm toán và tài liệu hóa yêu cầu hệ thống.,"Phù hợp ứng viên quan tâm BA trong lĩnh vực tài chính, kế toán hoặc hệ thống doanh nghiệp.",business analyst; finance; accounting; requirement; ERP,,https://www.topcv.vn/viec-lam/business-analyst-intern-tai-chinh-ke-kiem/1951452.html,"business analyst intern (tài chính, kế, kiểm) hỗ trợ phân tích nghiệp vụ tài chính/kế toán/kiểm toán và tài liệu hóa yêu cầu hệ thống. phù hợp ứng viên quan tâm ba trong lĩnh vực tài chính, kế toán hoặc hệ thống doanh nghiệp. business analyst; finance; accounting; requirement; erp",False,False,False,False,False,False,False,False,False,False,False,False,False,False,False,False,False,False,False,False,False,False,False,False
JD047,Data Analyst Intern,Viettel Group,Hà Nội,TopCV,Internship,Data Analyst / BI,Thoả thuận,Hỗ trợ phân tích dữ liệu và xây dựng báo cáo trong môi trường doanh nghiệp công nghệ lớn.,"Sinh viên hoặc ứng viên thực tập quan tâm data analyst, có nền tảng Excel/SQL/Python là lợi thế.",data analyst; SQL; Python; Excel; reporting,,https://www.topcv.vn/viec-lam/data-analyst-intern/538044.html,"data analyst intern hỗ trợ phân tích dữ liệu và xây dựng báo cáo trong môi trường doanh nghiệp công nghệ lớn. sinh viên hoặc ứng viên thực tập quan tâm data analyst, có nền tảng excel/sql/python là lợi thế. data analyst; sql; python; excel; reporting",True,True,True,False,False,False,False,False,False,False,False,False,False,False,False,False,False,False,True,False,False,False,False,False
JD048,Thực Tập Sinh Phân Tích Nghiệp Vụ (Business Analyst Intern) - [HCM],Công ty Cổ phần Dịch vụ Tức Thời (Ahamove),Hồ Chí Minh,TopCV,Internship,Business Analyst,Thoả thuận,"Hỗ trợ phân tích nghiệp vụ, thu thập yêu cầu và phối hợp với team vận hành/sản phẩm.","Không yêu cầu kinh nghiệm; phù hợp ứng viên thích phân tích quy trình, tài liệu hóa và giao tiếp.",business analyst; requirement; operation; documentation; product,,https://www.topcv.vn/viec-lam/thuc-tap-sinh-phan-tich-nghiep-vu-business-analyst-intern-hcm/1125644.html,"thực tập sinh phân tích nghiệp vụ (business analyst intern) - [hcm] hỗ trợ phân tích nghiệp vụ, thu thập yêu cầu và phối hợp với team vận hành/sản phẩm. không yêu cầu kinh nghiệm; phù hợp ứng viên thích phân tích quy trình, tài liệu hóa và giao tiếp. business analyst; requirement; operation; documentation; product",False,False,False,False,False,False,False,False,False,False,False,False,False,False,False,False,False,False,False,False,False,False,False,False
JD049,Intern Data Analyst,Công ty Cổ Phần Peasoft Việt Nam,Hà Nội,TopCV,Full-time,Data Analyst / BI,Tới 5 triệu,"Hỗ trợ thu thập, xử lý dữ liệu và tạo báo cáo phân tích cho hoạt động kinh doanh.","Ứng viên biết Excel, tư duy phân tích; SQL/Python là lợi thế.",data analyst intern; Excel; SQL; Python; business data,,https://www.topcv.vn/viec-lam/intern-data-analyst/2007105.html,"intern data analyst hỗ trợ thu thập, xử lý dữ liệu và tạo báo cáo phân tích cho hoạt động kinh doanh. ứng viên biết excel, tư duy phân tích; sql/python là lợi thế. data analyst intern; excel; sql; python; business data",True,True,True,False,False,False,False,False,False,False,False,False,False,False,False,False,False,False,False,False,False,False,False,False
JD050,Business Analyst Intern,CÔNG TY TNHH AI POWER,Hồ Chí Minh,TopCV,Full-time,Business Analyst,2 - 3 triệu,Hỗ trợ phân tích yêu cầu nghiệp vụ và phối hợp triển khai sản phẩm/dự án công nghệ.,"Phù hợp ứng viên mới bắt đầu BA, có kỹ năng giao tiếp và tư duy hệ thống.",business analyst; requirement; user story; product; AI,,https://www.topcv.vn/viec-lam/business-analyst-intern/1983156.html,"business analyst intern hỗ trợ phân tích yêu cầu nghiệp vụ và phối hợp triển khai sản phẩm/dự án công nghệ. phù hợp ứng viên mới bắt đầu ba, có kỹ năng giao tiếp và tư duy hệ thống. business analyst; requirement; user story; product; ai",False,False,False,False,False,False,False,False,False,False,False,False,False,False,False,False,False,False,False,False,False,False,False,False
JD052,Data Analyst (Intern/Fresher),CÔNG TY CỔ PHẦN CÔNG NGHỆ ORECA,Hà Nội,TopCV,Full-time,Data Analyst / BI,2 - 4 triệu,"Hỗ trợ phân tích dữ liệu sản phẩm/kinh doanh, làm báo cáo và đề xuất insight.","Phù hợp intern/fresher có nền tảng Excel, SQL hoặc Python cơ bản.",data analyst; intern; fresher; SQL; Python; Excel,,https://www.topcv.vn/viec-lam/data-analyst-intern-fresher/1703484.html,"data analyst (intern/fresher) hỗ trợ phân tích dữ liệu sản phẩm/kinh doanh, làm báo cáo và đề xuất insight. phù hợp intern/fresher có nền tảng excel, sql hoặc python cơ bản. data analyst; intern; fresher; sql; python; excel",True,True,True,False,False,False,False,False,False,False,False,False,False,False,False,False,False,False,False,False,False,False,False,False
JD053,Business Analyst Intern,Công ty Cổ phần Giải pháp du lịch Gohub,Hồ Chí Minh,TopCV,Full-time,Business Analyst,Thoả thuận,"Hỗ trợ phân tích yêu cầu, tài liệu hóa quy trình và làm việc với team sản phẩm.","Ứng viên quan tâm BA/product, có khả năng giao tiếp và học nhanh.",business analyst; product; requirement; documentation; process,,https://www.topcv.vn/viec-lam/business-analyst-intern/1205380.html,"business analyst intern hỗ trợ phân tích yêu cầu, tài liệu hóa quy trình và làm việc với team sản phẩm. ứng viên quan tâm ba/product, có khả năng giao tiếp và học nhanh. business analyst; product; requirement; documentation; process",False,False,False,False,False,False,False,False,False,False,False,False,False,False,False,False,False,False,False,False,False,False,False,False
JD055,Thực Tập Sinh Vận Hành AI (INTERN AI OPERATIONS),CÔNG TY CỔ PHẦN RTD,Hồ Chí Minh,TopCV,Internship,AI / ML,Thoả thuận,"Hỗ trợ vận hành hệ thống/ứng dụng AI, kiểm tra dữ liệu và theo dõi kết quả xử lý.","Phù hợp ứng viên quan tâm AI operations, dữ liệu, kiểm thử và cải thiện chất lượng đầu ra.",AI operations; data labeling; AI; testing; quality control,,https://www.topcv.vn/viec-lam/thuc-tap-sinh-van-hanh-ai-intern-ai-operations/2157975.html,"thực tập sinh vận hành ai (intern ai operations) hỗ trợ vận hành hệ thống/ứng dụng ai, kiểm tra dữ liệu và theo dõi kết quả xử lý. phù hợp ứng viên quan tâm ai operations, dữ liệu, kiểm thử và cải thiện chất lượng đầu ra. ai operations; data labeling; ai; testing; quality control",False,False,False,False,False,False,False,False,False,False,False,False,False,False,False,False,False,False,False,False,False,False,False,False
JD056,Data Engineer Intern / Thực Tập Sinh Data Engineer,CÔNG TY TNHH KINH DOANH THƯƠNG MẠI LỤC THỦY,Hà Nội,TopCV,Full-time,Data Engineer,Thoả thuận,"Hỗ trợ xây dựng, xử lý và kiểm tra dữ liệu phục vụ pipeline/báo cáo.","Ứng viên quan tâm Data Engineer, biết SQL/Python cơ bản là lợi thế.",data engineer intern; SQL; Python; ETL; database,,https://www.topcv.vn/viec-lam/data-engineer-intern-thuc-tap-sinh-data-engineer-co-phu-cap-thuong/1616302.html,"data engineer intern / thực tập sinh data engineer hỗ trợ xây dựng, xử lý và kiểm tra dữ liệu phục vụ pipeline/báo cáo. ứng viên quan tâm data engineer, biết sql/python cơ bản là lợi thế. data engineer intern; sql; python; etl; database",True,True,False,False,False,False,False,False,False,False,True,False,False,False,False,False,False,False,False,False,False,False,False,False
JD058,AI Engineer Intern,CÔNG TY CỔ PHẦN ĐẦU TƯ FINPROS,"Hà Nội, Hồ Chí Minh",TopCV,Internship,AI / ML,1 - 7 triệu,"Hỗ trợ xây dựng, thử nghiệm và vận hành các tính năng AI/ML.","Ứng viên quan tâm AI, có nền tảng Python, machine learning hoặc xử lý dữ liệu là lợi thế.",AI; machine learning; Python; model; data,,https://www.topcv.vn/viec-lam/ai-engineer-intern/1175304.html,"ai engineer intern hỗ trợ xây dựng, thử nghiệm và vận hành các tính năng ai/ml. ứng viên quan tâm ai, có nền tảng python, machine learning hoặc xử lý dữ liệu là lợi thế. ai; machine learning; python; model; data",False,True,False,False,False,False,False,False,True,False,False,False,False,False,False,False,False,False,False,False,False,False,False,False
JD060,AI Engineer Intern,TopCV listing company,"Hà Nội, Hồ Chí Minh",TopCV,Internship,AI / ML,Thoả thuận,"Hỗ trợ phát triển ứng dụng AI, xử lý dữ liệu và thử nghiệm mô hình.","Ứng viên quan tâm AI engineer intern, biết Python/machine learning là lợi thế.",AI; Python; machine learning; model; research,,https://www.topcv.vn/viec-lam/ai-engineer-intern/1591903.html,"ai engineer intern hỗ trợ phát triển ứng dụng ai, xử lý dữ liệu và thử nghiệm mô hình. ứng viên quan tâm ai engineer intern, biết python/machine learning là lợi thế. ai; python; machine learning; model; research",False,True,False,False,False,False,False,False,True,False,False,False,False,False,False,False,False,False,False,False,False,False,False,False
JD061,Data Engineer Intern Full-Time,Savills Vietnam,Hồ Chí Minh,TopCV,Full-time,Data Engineer,Thoả thuận,"Hỗ trợ xử lý dữ liệu, xây dựng luồng dữ liệu và làm việc với team dữ liệu.","Phù hợp thực tập sinh full-time quan tâm database, ETL và reporting.",data engineer intern; full-time; SQL; ETL; data pipeline,,https://www.topcv.vn/viec-lam/data-engineer-intern-full-time/1161709.html,"data engineer intern full-time hỗ trợ xử lý dữ liệu, xây dựng luồng dữ liệu và làm việc với team dữ liệu. phù hợp thực tập sinh full-time quan tâm database, etl và reporting. data engineer intern; full-time; sql; etl; data pipeline",True,False,False,False,False,False,False,False,False,False,True,False,False,False,False,False,False,False,True,False,False,False,False,False
JD063,Master Data Intern (Xử Lý Data Team Kế Toán),CÔNG TY CỔ PHẦN THỊNH THẾ VINH HOA,Hồ Chí Minh,TopCV,Internship,Data Analyst / BI,3 - 3.3 triệu,"Hỗ trợ xử lý master data cho team kế toán, kiểm tra và chuẩn hóa dữ liệu.","Phù hợp ứng viên cẩn thận, biết Excel và quan tâm data operation.",master data; Excel; data cleaning; accounting data; data operation,,https://www.topcv.vn/viec-lam/master-data-intern-xu-ly-data-team-ke-toan/2013774.html,"master data intern (xử lý data team kế toán) hỗ trợ xử lý master data cho team kế toán, kiểm tra và chuẩn hóa dữ liệu. phù hợp ứng viên cẩn thận, biết excel và quan tâm data operation. master data; excel; data cleaning; accounting data; data operation",False,False,True,False,False,False,False,False,False,False,False,False,False,False,False,False,False,False,False,False,False,False,False,False
JD064,Master Data Intern (Ngành Dược),CÔNG TY TNHH BUYMED,Hồ Chí Minh,TopCV,Internship,Data Analyst / BI,Tới 3 triệu,"Hỗ trợ nhập, kiểm tra và chuẩn hóa master data trong lĩnh vực dược.","Không yêu cầu kinh nghiệm; phù hợp ứng viên cẩn thận, muốn làm việc với dữ liệu vận hành.",master data; data cleaning; Excel; pharmaceutical data; operation,,https://www.topcv.vn/viec-lam/master-data-intern-nganh-duoc/441952.html,"master data intern (ngành dược) hỗ trợ nhập, kiểm tra và chuẩn hóa master data trong lĩnh vực dược. không yêu cầu kinh nghiệm; phù hợp ứng viên cẩn thận, muốn làm việc với dữ liệu vận hành. master data; data cleaning; excel; pharmaceutical data; operation",False,False,True,False,False,False,False,False,False,False,False,False,False,False,False,False,False,False,False,False,False,False,False,False
JD065,Sourcing & Data Analyst Intern,Công ty TNHH Jollibee Việt Nam,Hồ Chí Minh,TopCV,Internship,Data Analyst / BI,Thoả thuận,"Hỗ trợ sourcing và phân tích dữ liệu tuyển dụng/nhân sự, theo dõi báo cáo.","Sinh viên đại học trở lên, phù hợp ứng viên quan tâm data analyst trong HR/sourcing.",sourcing; data analyst; Excel; reporting; HR data,,https://www.topcv.vn/viec-lam/sourcing-data-analyst-intern/2122460.html,"sourcing & data analyst intern hỗ trợ sourcing và phân tích dữ liệu tuyển dụng/nhân sự, theo dõi báo cáo. sinh viên đại học trở lên, phù hợp ứng viên quan tâm data analyst trong hr/sourcing. sourcing; data analyst; excel; reporting; hr data",False,False,True,False,False,False,False,False,False,False,False,False,False,False,False,False,False,False,True,False,False,False,False,False
JD066,Senior/Lead Data Engineer (AWS/Databricks),ITviec Recruitment Consulting,"Hồ Chí Minh, Hà Nội",ITviec,Full-time,Data Engineer,Sign in to view salary,Thiết kế và vận hành nền tảng dữ liệu/cloud data stack.,"Yêu cầu kinh nghiệm Data Engineer, cloud, Databricks và tiếng Anh.",Data Engineer; Databricks; Terraform; Cloud; AWS; English,,https://itviec.com/it-jobs/data-engineer,"senior/lead data engineer (aws/databricks) thiết kế và vận hành nền tảng dữ liệu/cloud data stack. yêu cầu kinh nghiệm data engineer, cloud, databricks và tiếng anh. data engineer; databricks; terraform; cloud; aws; english",False,False,False,False,False,False,False,False,False,False,False,False,False,False,False,False,False,False,False,False,False,True,False,False
JD067,"Data Engineer - Python, Data Processing & Acquisition",Serdao,Hồ Chí Minh,ITviec,Full-time,Data Engineer,Sign in to view salary,"Xử lý và thu thập dữ liệu bằng Python, JSON, pandas và SQL.","Yêu cầu kinh nghiệm xử lý dữ liệu, Python và SQL.",Data Engineer; JSON; Pandas; SQL; Python,,https://itviec.com/it-jobs/data-engineer,"data engineer - python, data processing & acquisition xử lý và thu thập dữ liệu bằng python, json, pandas và sql. yêu cầu kinh nghiệm xử lý dữ liệu, python và sql. data engineer; json; pandas; sql; python",True,True,False,False,False,True,False,False,False,False,False,False,False,False,False,False,False,False,False,False,False,False,False,False
JD068,"Senior Data Engineer (Data Engineer, API, Kafka, ETL)",SSI Securities Corporation,Hà Nội,ITviec,Full-time,Data Engineer,Sign in to view salary,"Xây dựng pipeline dữ liệu, tích hợp API, Kafka và ETL.","Yêu cầu kinh nghiệm data warehousing, data modeling và ETL.",Data Warehousing; Data modeling; API; Kafka; ETL; Data Engineer,,https://itviec.com/it-jobs/data-engineer,"senior data engineer (data engineer, api, kafka, etl) xây dựng pipeline dữ liệu, tích hợp api, kafka và etl. yêu cầu kinh nghiệm data warehousing, data modeling và etl. data warehousing; data modeling; api; kafka; etl; data engineer",False,False,False,False,False,False,False,False,False,False,True,False,False,False,False,False,False,False,False,False,False,False,False,False
JD069,Data Engineer - 13T - UPTO 2000$,Viettel Post,Hà Nội,ITviec,Full-time,Data Engineer,Sign in to view salary,"Làm việc với dữ liệu, Java/SQL và hệ thống xử lý dữ liệu.","Yêu cầu nền tảng Data Engineer, SQL và Java.",Data Engineer; Java; SQL,,https://itviec.com/it-jobs/data-engineer,"data engineer - 13t - upto 2000$ làm việc với dữ liệu, java/sql và hệ thống xử lý dữ liệu. yêu cầu nền tảng data engineer, sql và java. data engineer; java; sql",True,False,False,False,False,False,False,False,False,False,False,False,False,False,False,False,False,False,False,False,False,False,False,False
JD070,"TMO - Data Engineer Manager (SQL, Python, Spark, Kafka)",Ngân Hàng Á Châu | ACB,Hồ Chí Minh,ITviec,Full-time,Data Engineer,Sign in to view salary,"Quản lý/triển khai hệ thống dữ liệu với SQL, Python, Spark và Kafka.","Yêu cầu kinh nghiệm data engineering, cloud và distributed processing.",Data Engineer; Python; Google Cloud; SQL; Kafka; Spark,,https://itviec.com/it-jobs/data-engineer,"tmo - data engineer manager (sql, python, spark, kafka) quản lý/triển khai hệ thống dữ liệu với sql, python, spark và kafka. yêu cầu kinh nghiệm data engineering, cloud và distributed processing. data engineer; python; google cloud; sql; kafka; spark",True,True,False,False,False,False,False,False,False,False,False,False,False,False,True,False,False,False,False,False,False,False,True,False
JD071,"Senior Data Engineer (AI, English)",HRS Group,Hồ Chí Minh,ITviec,Full-time,Data Engineer,Sign in to view salary,Xây dựng hệ thống dữ liệu phục vụ AI và data warehousing.,"Yêu cầu Data modeling, SQL, Data Warehouse và tiếng Anh.",Data Engineer; Data modeling; SQL; Data Warehousing; AI; English,,https://itviec.com/it-jobs/data-engineer,"senior data engineer (ai, english) xây dựng hệ thống dữ liệu phục vụ ai và data warehousing. yêu cầu data modeling, sql, data warehouse và tiếng anh. data engineer; data modeling; sql; data warehousing; ai; english",True,False,False,False,False,False,False,False,False,False,False,False,False,False,False,False,False,False,False,False,False,False,False,False
JD072,Data Engineer (AI/Python/SQL/ETL/English) up to $3000,Sun Group,Hà Nội,ITviec,Full-time,Data Engineer,Sign in to view salary,Xây dựng pipeline dữ liệu và hệ thống AI/data platform.,"Yêu cầu Python, SQL, ETL và tiếng Anh.",Data Engineer; Big Data; AI; SQL; ETL; Python,,https://itviec.com/it-jobs/data-engineer,"data engineer (ai/python/sql/etl/english) up to $3000 xây dựng pipeline dữ liệu và hệ thống ai/data platform. yêu cầu python, sql, etl và tiếng anh. data engineer; big data; ai; sql; etl; python",True,True,False,False,False,False,False,False,False,False,True,False,False,False,False,False,False,False,False,False,False,False,False,False
JD073,"Data Engineer (ETL, SQL, Python, Power BI, Tableau)",CÔNG TY CỔ PHẦN NHỰA TÁI CHẾ DUY TÂN,"Tây Ninh, Hồ Chí Minh",ITviec,Full-time,Data Engineer,Sign in to view salary,"Xử lý dữ liệu, ETL và xây dựng báo cáo BI.","Yêu cầu SQL, Python, Power BI/Tableau và ETL.",Data Engineer; Tableau; Power BI; ETL; Python; SQL,,https://itviec.com/it-jobs/data-engineer,"data engineer (etl, sql, python, power bi, tableau) xử lý dữ liệu, etl và xây dựng báo cáo bi. yêu cầu sql, python, power bi/tableau và etl. data engineer; tableau; power bi; etl; python; sql",True,True,False,True,True,False,False,False,False,False,True,False,False,False,False,False,False,False,False,False,False,False,False,False
JD074,Senior Data Engineer (Có signing bonus),Amigo,Hà Nội,ITviec,Full-time,Data Engineer,Sign in to view salary,"Làm việc với Big Data, BI và data warehouse.",Yêu cầu kinh nghiệm Data Engineer và data analysis.,Data Engineer; Git; Big Data; Business Intelligence; Data Warehousing; Data Analysis,,https://itviec.com/it-jobs/data-engineer,"senior data engineer (có signing bonus) làm việc với big data, bi và data warehouse. yêu cầu kinh nghiệm data engineer và data analysis. data engineer; git; big data; business intelligence; data warehousing; data analysis",False,False,False,False,False,False,False,False,False,False,False,False,False,False,False,False,False,False,False,False,False,False,False,False
JD075,Senior Data Engineer,Trustify Technology,Hồ Chí Minh,ITviec,Full-time,Data Engineer,Sign in to view salary,"Xây dựng nền tảng dữ liệu với Spark, SQL, Python và Snowflake.",Yêu cầu kinh nghiệm Data Engineer và tiếng Anh.,Data Engineer; English; Spark; SQL; Python; Snowflake,,https://itviec.com/it-jobs/data-engineer,"senior data engineer xây dựng nền tảng dữ liệu với spark, sql, python và snowflake. yêu cầu kinh nghiệm data engineer và tiếng anh. data engineer; english; spark; sql; python; snowflake",True,True,False,False,False,False,False,False,False,False,False,False,False,False,True,False,False,False,False,False,False,False,False,False
JD076,"Chuyên viên Data Engineer (Python, SQL)",Global Glory,Hà Nội,ITviec,Full-time,Data Engineer,Sign in to view salary,"Xử lý dữ liệu bằng Python, SQL và công nghệ cloud.","Yêu cầu kinh nghiệm Data Engineer, SQL/Python.",Data Engineer; Cloud; SQL; Python,,https://itviec.com/it-jobs/data-engineer,"chuyên viên data engineer (python, sql) xử lý dữ liệu bằng python, sql và công nghệ cloud. yêu cầu kinh nghiệm data engineer, sql/python. data engineer; cloud; sql; python",True,True,False,False,False,False,False,False,False,False,False,False,False,False,False,False,False,False,False,False,False,False,False,False
JD077,"Senior Data Engineer (Azure, dbt, Microsoft Fabric)",HUENX VIETNAM,Hồ Chí Minh,ITviec,Full-time,Data Engineer,Sign in to view salary,"Phát triển data platform với Azure, dbt, SQL và ETL.",Yêu cầu kinh nghiệm data engineering và cloud data stack.,Data Engineer; AI; SQL; ETL; DBT; Azure,,https://itviec.com/it-jobs/data-engineer,"senior data engineer (azure, dbt, microsoft fabric) phát triển data platform với azure, dbt, sql và etl. yêu cầu kinh nghiệm data engineering và cloud data stack. data engineer; ai; sql; etl; dbt; azure",True,False,False,False,False,False,False,False,False,False,True,False,False,False,False,False,False,False,False,False,False,False,False,False
JD078,Remote Data Engineer - AI Data Platform Japan (Python),"SalesNow Co., Ltd.","Hà Nội, Đà Nẵng, Hồ Chí Minh",ITviec,Full-time,Data Engineer,Sign in to view salary,"Xây dựng nền tảng dữ liệu AI từ xa, xử lý dữ liệu bằng Python/AWS/SQL.","Yêu cầu Python, SQL, AWS và data engineering.",Python; Data Engineer; AI; AWS; SQL; JSON,,https://itviec.com/it-jobs/data-engineer,"remote data engineer - ai data platform japan (python) xây dựng nền tảng dữ liệu ai từ xa, xử lý dữ liệu bằng python/aws/sql. yêu cầu python, sql, aws và data engineering. python; data engineer; ai; aws; sql; json",True,True,False,False,False,False,False,False,False,False,False,False,False,False,False,False,False,False,False,False,False,True,False,False
JD079,"Senior Data Engineer (Python, SQL)",Công ty TNHH Stravo Vietnam,Hồ Chí Minh,ITviec,Full-time,Data Engineer,Sign in to view salary,"Xây dựng pipeline ELT và workflow dữ liệu bằng Airflow, Python, SQL.","Yêu cầu kinh nghiệm ELT, Airflow, Python và SQL.",Data Engineer; ELT; Apache Airflow; Python; SQL,,https://itviec.com/it-jobs/data-engineer,"senior data engineer (python, sql) xây dựng pipeline elt và workflow dữ liệu bằng airflow, python, sql. yêu cầu kinh nghiệm elt, airflow, python và sql. data engineer; elt; apache airflow; python; sql",True,True,False,False,False,False,False,False,False,False,True,False,False,False,False,False,False,False,False,False,True,False,False,False
JD080,"Data Engineer (Data Warehouse, Python/Java, SQL)",SHS | Chứng khoán Sài Gòn - Hà Nội,Hà Nội,ITviec,Full-time,Data Engineer,Sign in to view salary,Xây dựng data warehouse và xử lý dữ liệu bằng Python/Java/SQL.,"Yêu cầu data warehousing, ELT và lập trình dữ liệu.",Data Engineer; Data Warehousing; ELT; Java; Python; SQL,,https://itviec.com/it-jobs/data-engineer,"data engineer (data warehouse, python/java, sql) xây dựng data warehouse và xử lý dữ liệu bằng python/java/sql. yêu cầu data warehousing, elt và lập trình dữ liệu. data engineer; data warehousing; elt; java; python; sql",True,True,False,False,False,False,False,False,False,False,True,False,False,False,False,False,False,False,False,False,False,False,False,False
JD081,Data Engineer - Data Division,MB Bank,Hà Nội,ITviec,Full-time,Data Engineer,Sign in to view salary,"Làm việc trong Data Division, hỗ trợ BI, Cloud và data platform.","Yêu cầu Power BI/Tableau, BI, Cloud, Oracle là lợi thế.",Data Engineer; Power BI; Tableau; Business Intelligence; Cloud; Oracle,,https://itviec.com/it-jobs/data-engineer,"data engineer - data division làm việc trong data division, hỗ trợ bi, cloud và data platform. yêu cầu power bi/tableau, bi, cloud, oracle là lợi thế. data engineer; power bi; tableau; business intelligence; cloud; oracle",False,False,False,True,True,False,False,False,False,False,False,False,False,False,False,False,False,False,False,False,False,False,False,False
JD082,Data Engineer - VIC,Viettel Group,Hà Nội,ITviec,Full-time,Data Engineer,Sign in to view salary,"Xây dựng hệ thống Big Data với Hadoop, Spark và SQL.",Yêu cầu kinh nghiệm Data Engineer/Big Data.,Data Engineer; Hadoop; Spark; SQL; Big Data,,https://itviec.com/it-jobs/data-engineer,"data engineer - vic xây dựng hệ thống big data với hadoop, spark và sql. yêu cầu kinh nghiệm data engineer/big data. data engineer; hadoop; spark; sql; big data",True,False,False,False,False,False,False,False,False,False,False,False,False,False,True,False,False,False,False,False,False,False,False,False
JD083,Senior Data Analyst,NAB Innovation Centre Vietnam,Hồ Chí Minh,ITviec,Full-time,Data Analyst / BI,Sign in to view salary,"Phân tích dữ liệu, khai thác Big Data và xây dựng báo cáo bằng SQL/Python/Power BI.","Yêu cầu kinh nghiệm Data Analysis, SQL, Pandas, Python, Power BI.",Data Analysis; Big Data; SQL; Pandas; Python; Power BI,,https://itviec.com/it-jobs/data-analysis,"senior data analyst phân tích dữ liệu, khai thác big data và xây dựng báo cáo bằng sql/python/power bi. yêu cầu kinh nghiệm data analysis, sql, pandas, python, power bi. data analysis; big data; sql; pandas; python; power bi",True,True,False,True,False,True,False,False,False,False,False,False,False,False,False,False,False,False,False,False,False,False,False,False
JD084,Business Analyst – Fulfillment,VietFul,Hồ Chí Minh,ITviec,Full-time,Business Analyst,Sign in to view salary,"Phân tích nghiệp vụ fulfillment, làm việc với Scrum/ERP/User story và dữ liệu.","Yêu cầu Business Analysis, Scrum, ERP và kỹ năng viết user story.",Business Analysis; Scrum; Data Analysis; ERP; User story; AI,,https://itviec.com/it-jobs/business-analyst-fulfillment-vietful-4451,"business analyst – fulfillment phân tích nghiệp vụ fulfillment, làm việc với scrum/erp/user story và dữ liệu. yêu cầu business analysis, scrum, erp và kỹ năng viết user story. business analysis; scrum; data analysis; erp; user story; ai",False,False,False,False,False,False,False,False,False,False,False,False,False,False,False,False,False,False,False,False,False,False,False,True
JD085,"Power BI (Business Intelligence, SQL, Python, BA)",IONAH,Hà Nội,ITviec,Full-time,Data Analyst / BI,Sign in to view salary,"Xây dựng báo cáo BI, mô hình dữ liệu và dashboard bằng Power BI/SQL/Python.","Yêu cầu Power BI, SQL, Python, data modeling và business analysis.",Power BI; Business Analysis; Data modeling; Python; SQL; Business Intelligence,,https://itviec.com/it-jobs/data-analysis,"power bi (business intelligence, sql, python, ba) xây dựng báo cáo bi, mô hình dữ liệu và dashboard bằng power bi/sql/python. yêu cầu power bi, sql, python, data modeling và business analysis. power bi; business analysis; data modeling; python; sql; business intelligence",True,True,False,True,False,False,False,False,False,False,False,False,False,False,False,False,False,False,True,False,False,False,False,False
JD086,"Data Analyst (SQL, Python)",CÔNG TY CỔ PHẦN NỘI THẤT VÀ XÂY DỰNG SAO MỘC VƯƠNG,Hà Nội,ITviec,Full-time,Data Analyst / BI,Sign in to view salary,"Phân tích dữ liệu, xây dựng báo cáo với SQL, Python và Power BI.","Yêu cầu Data Analysis, Data Warehouse, Power BI, Python, SQL.",Data Analysis; Data Warehousing; Power BI; Python; SQL,,https://itviec.com/it-jobs/data-analysis,"data analyst (sql, python) phân tích dữ liệu, xây dựng báo cáo với sql, python và power bi. yêu cầu data analysis, data warehouse, power bi, python, sql. data analysis; data warehousing; power bi; python; sql",True,True,False,True,False,False,False,False,False,False,False,False,False,False,False,False,False,False,False,False,False,False,False,False
JD087,"Middle Data Analyst (SQL, Power BI, English)",MeU Solutions,Hồ Chí Minh,ITviec,Full-time,Data Analyst / BI,Sign in to view salary,"Phân tích dữ liệu bằng SQL/Power BI, làm việc với data modeling và tiếng Anh.","Yêu cầu SQL, Python, Power BI, data modeling và English.",Data Analysis; Python; Data modeling; English; SQL; Power BI,,https://itviec.com/it-jobs/middle-data-analyst-sql-power-bi-english-meu-solutions-5423,"middle data analyst (sql, power bi, english) phân tích dữ liệu bằng sql/power bi, làm việc với data modeling và tiếng anh. yêu cầu sql, python, power bi, data modeling và english. data analysis; python; data modeling; english; sql; power bi",True,True,False,True,False,False,False,False,False,False,False,False,False,False,False,False,False,False,False,False,False,False,False,False
JD088,Business Analyst (IT),The One Digi Corp,Hồ Chí Minh,ITviec,Full-time,Business Analyst,Sign in to view salary,"Phân tích nghiệp vụ IT, làm việc với Agile, Trello/Jira và stakeholder.","Yêu cầu Business Analysis, English, Agile, Trello, Jira.",Business Analysis; English; Agile; Trello; Jira,,https://itviec.com/it-jobs/business-analysis,"business analyst (it) phân tích nghiệp vụ it, làm việc với agile, trello/jira và stakeholder. yêu cầu business analysis, english, agile, trello, jira. business analysis; english; agile; trello; jira",False,False,False,False,False,False,False,False,False,False,False,False,False,False,False,False,False,False,False,False,False,False,False,False
JD089,Senior Business Analyst (Biz focus),NAB Innovation Centre Vietnam,Hồ Chí Minh,ITviec,Full-time,Business Analyst,Sign in to view salary,"Phân tích nghiệp vụ định hướng business, làm việc trong môi trường sản phẩm lớn.","Yêu cầu Business Analysis, Agile và English.",Business Analysis; Agile; English,,https://itviec.com/it-jobs/business-analysis/ho-chi-minh-hcm,"senior business analyst (biz focus) phân tích nghiệp vụ định hướng business, làm việc trong môi trường sản phẩm lớn. yêu cầu business analysis, agile và english. business analysis; agile; english",False,False,False,False,False,False,False,False,False,False,False,False,False,False,False,False,False,False,False,False,False,False,False,False
JD090,Business Analyst (Customer Care Center),Phu Hung Securities (PHS),Hồ Chí Minh,ITviec,Full-time,Business Analyst,Sign in to view salary,"Phân tích nghiệp vụ CRM/customer care, automation test và UI/UX.","Yêu cầu BA, CRM, test, UI/UX và project management.",Business Analysis; CRM; Automation Test; UI-UX; AI; Project Management,,https://itviec.com/it-jobs/business-analysis/ho-chi-minh-hcm,"business analyst (customer care center) phân tích nghiệp vụ crm/customer care, automation test và ui/ux. yêu cầu ba, crm, test, ui/ux và project management. business analysis; crm; automation test; ui-ux; ai; project management",False,False,False,False,False,False,False,False,False,False,False,False,False,False,False,False,False,False,False,False,False,False,False,False
JD091,"Business Analyst (Scrum, Jira, Figma, SQL)",Viet Capital Asset Management,Hồ Chí Minh,ITviec,Full-time,Business Analyst,Sign in to view salary,"Phân tích nghiệp vụ, quản lý yêu cầu và thiết kế với Scrum/Jira/Figma/SQL.","Yêu cầu Project Management, BA, Scrum, SQL và design thinking.",Project Management; Business Analysis; Scrum; SQL; Design; Agile,,https://itviec.com/it-jobs/business-analysis/ho-chi-minh-hcm,"business analyst (scrum, jira, figma, sql) phân tích nghiệp vụ, quản lý yêu cầu và thiết kế với scrum/jira/figma/sql. yêu cầu project management, ba, scrum, sql và design thinking. project management; business analysis; scrum; sql; design; agile",True,False,False,False,False,False,False,False,False,False,False,False,False,False,False,False,False,False,False,False,False,False,False,False
JD092,Business Analyst (Accounting Domain),CÔNG TY CỔ PHẦN CÔNG NGHỆ DỮ LIỆU GENTECH,Hồ Chí Minh,ITviec,Full-time,Business Analyst,Sign in to view salary,"Phân tích nghiệp vụ kế toán/ERP, làm việc với dữ liệu và SQL.","Yêu cầu Business Analysis, ERP, Data Analysis, SQL, Agile.",Business Analysis; ERP; Data Analysis; SQL; Agile,,https://itviec.com/it-jobs/data-analysis/ho-chi-minh-hcm,"business analyst (accounting domain) phân tích nghiệp vụ kế toán/erp, làm việc với dữ liệu và sql. yêu cầu business analysis, erp, data analysis, sql, agile. business analysis; erp; data analysis; sql; agile",True,False,False,False,False,False,False,False,False,False,False,False,False,False,False,False,False,False,False,False,False,False,False,False
JD093,Internship Product Owner (Web3),Công ty TNHH SR GROUP,Hồ Chí Minh,ITviec,Internship,Business Analyst,Sign in to view salary,"Hỗ trợ product owner, phân tích flow người dùng và yêu cầu sản phẩm Web3.","Yêu cầu Product Owner, database, business analysis, user flows.",Product Owner; Blockchain; Cryptography; Database; Business Analysis; User flows,,https://itviec.com/it-jobs/business-analysis/ho-chi-minh-hcm,"internship product owner (web3) hỗ trợ product owner, phân tích flow người dùng và yêu cầu sản phẩm web3. yêu cầu product owner, database, business analysis, user flows. product owner; blockchain; cryptography; database; business analysis; user flows",False,False,False,False,False,False,False,False,False,False,False,False,False,False,False,False,False,False,False,False,False,False,False,False
JD094,Technical Business Analyst,Hitachi Digital Services,Hồ Chí Minh,ITviec,Full-time,Business Analyst,Sign in to view salary,"Phân tích nghiệp vụ kỹ thuật, làm việc với Scrum/Agile và team phát triển.","Yêu cầu English, Scrum, Business Analysis, Agile.",English; Scrum; Business Analysis; Agile,,https://itviec.com/it-jobs/business-analysis/ho-chi-minh-hcm,"technical business analyst phân tích nghiệp vụ kỹ thuật, làm việc với scrum/agile và team phát triển. yêu cầu english, scrum, business analysis, agile. english; scrum; business analysis; agile",False,False,False,False,False,False,False,False,False,False,False,False,False,False,False,False,False,False,False,False,False,False,False,False
JD095,Business Analyst,TPS Software,Hồ Chí Minh,ITviec,Full-time,Business Analyst,Sign in to view salary,"Phân tích nghiệp vụ, viết yêu cầu và phối hợp với product owner/development team.","Yêu cầu Business Analysis, Scrum, Agile, Product Owner.",Business Analysis; Scrum; Agile; Product Owner,,https://itviec.com/it-jobs/business-analysis/ho-chi-minh-hcm,"business analyst phân tích nghiệp vụ, viết yêu cầu và phối hợp với product owner/development team. yêu cầu business analysis, scrum, agile, product owner. business analysis; scrum; agile; product owner",False,False,False,False,False,False,False,False,False,False,False,False,False,False,False,False,False,False,False,False,False,False,False,False
JD096,Home Racer - Data Analyst,Home Credit Vietnam,Hồ Chí Minh,ITviec,Fresher,Data Analyst / BI,Sign in to view salary,Phân tích dữ liệu và hỗ trợ ra quyết định kinh doanh trong chương trình Home Racer.,"Yêu cầu Data Analysis, Python, Data Science, Data Engineer, SQL.",Data Analysis; Python; Data Science; Data Engineer; SQL,,https://itviec.com/it-jobs/home-racer-data-analyst-home-credit-vietnam-4232,"home racer - data analyst phân tích dữ liệu và hỗ trợ ra quyết định kinh doanh trong chương trình home racer. yêu cầu data analysis, python, data science, data engineer, sql. data analysis; python; data science; data engineer; sql",True,True,False,False,False,False,False,False,False,False,False,False,False,False,False,False,False,False,False,False,False,False,False,False
JD097,Data Scientist (Machine Learning Ops Track - Virtual),"Ocean Network Express (Vietnam) Co., Ltd.",Hồ Chí Minh,ITviec,Full-time,AI / ML,Sign in to view salary,"Làm việc với data science, MLOps, CI/CD và DevOps trong môi trường quốc tế.","Yêu cầu Data Science, Python, MLOps, CI/CD và DevOps.",Data Science; CI/CD; DevOps; Python; MLOps,,https://itviec.com/viec-lam-it/data-scientist,"data scientist (machine learning ops track - virtual) làm việc với data science, mlops, ci/cd và devops trong môi trường quốc tế. yêu cầu data science, python, mlops, ci/cd và devops. data science; ci/cd; devops; python; mlops",False,True,False,False,False,False,False,False,True,False,False,False,False,False,False,False,False,False,False,False,False,False,False,False
JD098,Data scientist,"ARSEN Kawaijuku Tech Vietnam Co.,Ltd",Hồ Chí Minh,ITviec,Full-time,AI / ML,Sign in to view salary,"Phân tích dữ liệu và xây dựng giải pháp AI/Data với database, Power BI, Azure, SQL, Python.","Yêu cầu Database, Power BI, Azure, SQL, Data Analysis, Python.",Database; Power BI; Azure; SQL; Data Analysis; Python,,https://itviec.com/viec-lam-it/data-scientist,"data scientist phân tích dữ liệu và xây dựng giải pháp ai/data với database, power bi, azure, sql, python. yêu cầu database, power bi, azure, sql, data analysis, python. database; power bi; azure; sql; data analysis; python",True,True,False,True,False,False,False,False,False,False,False,False,False,False,False,False,False,False,False,False,False,False,False,False
JD099,AI Engineer (Định hướng Data Scientist),KALAPA,Hà Nội,ITviec,Full-time,AI / ML,Sign in to view salary,Phát triển mô hình AI/Data Scientist định hướng ứng dụng.,"Yêu cầu Data Science, AI, Python, Machine Learning.",Data Science; AI; Python; Machine Learning,,https://itviec.com/viec-lam-it/data-scientist,"ai engineer (định hướng data scientist) phát triển mô hình ai/data scientist định hướng ứng dụng. yêu cầu data science, ai, python, machine learning. data science; ai; python; machine learning",False,True,False,False,False,False,False,False,True,False,False,False,False,False,False,False,False,False,False,False,False,False,False,False
JD100,"AI Engineer (ML, LLM)",CÔNG TY CỔ PHẦN CHỨNG KHOÁN KAFI,Hồ Chí Minh,ITviec,Full-time,AI / ML,Sign in to view salary,Xây dựng giải pháp AI/ML/LLM cho sản phẩm tài chính.,"Yêu cầu AI, Machine Learning, Database, LLM, Prompt Engineering, Python.",AI; Machine Learning; Database; LLM; Prompt Engineering; Python,,https://itviec.com/it-jobs/ai-engineer,"ai engineer (ml, llm) xây dựng giải pháp ai/ml/llm cho sản phẩm tài chính. yêu cầu ai, machine learning, database, llm, prompt engineering, python. ai; machine learning; database; llm; prompt engineering; python",False,True,False,False,False,False,False,False,True,False,False,False,False,False,False,False,False,False,False,False,False,False,False,True
JD101,Middle AI Engineer (Machine learning),Smartbit Technology,Hồ Chí Minh,ITviec,Full-time,AI / ML,Sign in to view salary,"Phát triển ứng dụng AI/Generative AI, làm việc với NoSQL và data engineering.","Yêu cầu LLM, Data Engineer, NoSQL, Generative AI, Machine Learning.",LLM; Data Engineer; NoSQL; Generative AI; AI; Machine Learning,,https://itviec.com/it-jobs/ai-engineer,"middle ai engineer (machine learning) phát triển ứng dụng ai/generative ai, làm việc với nosql và data engineering. yêu cầu llm, data engineer, nosql, generative ai, machine learning. llm; data engineer; nosql; generative ai; ai; machine learning",True,False,False,False,False,False,False,False,True,False,False,False,False,False,False,False,False,False,False,False,False,False,False,True
JD102,Middle AI Engineer (RAG/LLM/Computer Vision),Công ty Cổ phần Công nghệ DP Unity,Hồ Chí Minh,ITviec,Full-time,AI / ML,Sign in to view salary,Phát triển hệ thống RAG/LLM/Computer Vision và tích hợp ứng dụng AI.,"Yêu cầu AI, Computer Vision, JSON, Git, Docker, Python.",AI; Computer Vision; JSON; Git; Docker; Python,,https://itviec.com/it-jobs/ai-engineer,"middle ai engineer (rag/llm/computer vision) phát triển hệ thống rag/llm/computer vision và tích hợp ứng dụng ai. yêu cầu ai, computer vision, json, git, docker, python. ai; computer vision; json; git; docker; python",False,True,False,False,False,False,False,False,False,False,False,False,False,False,False,False,False,False,False,False,False,False,False,True
JD103,AI/ML Engineer,Ahamove,Hồ Chí Minh,ITviec,Full-time,AI / ML,Sign in to view salary,Xây dựng và triển khai mô hình AI/ML trong hệ thống sản phẩm vận hành.,"Yêu cầu Python, Docker, Redis, PostgreSQL, SQL, Kafka.",Python; Docker; Redis; PostgreSQL; SQL; Kafka,,https://itviec.com/it-jobs/ai-engineer,"ai/ml engineer xây dựng và triển khai mô hình ai/ml trong hệ thống sản phẩm vận hành. yêu cầu python, docker, redis, postgresql, sql, kafka. python; docker; redis; postgresql; sql; kafka",True,True,False,False,False,False,False,False,False,False,False,True,False,False,False,False,False,False,False,False,False,False,False,False
JD104,AI Engineer Intern,8Seneca,Hà Nội,ITviec,Internship,AI / ML,Sign in to view salary,"Hỗ trợ phát triển ứng dụng AI, Computer Vision và LLM.","Yêu cầu English, Python, FastAPI, AI, Computer Vision, LLM.",English; Python; FastAPI; AI; Computer Vision; LLM,,https://itviec.com/it-jobs/ai-engineer,"ai engineer intern hỗ trợ phát triển ứng dụng ai, computer vision và llm. yêu cầu english, python, fastapi, ai, computer vision, llm. english; python; fastapi; ai; computer vision; llm",False,True,False,False,False,False,False,False,False,False,False,False,False,False,False,False,False,False,False,False,False,False,False,True
JD105,Senior AI Engineer (GenAI / RAG / Multi-Agent | AWS),Sun Life Vietnam Insurance Company Limited,Hồ Chí Minh,ITviec,Full-time,AI / ML,Sign in to view salary,Phát triển giải pháp GenAI/RAG/Multi-Agent trên AWS.,"Yêu cầu Python, AWS, NLP, LLM, Generative AI, Machine Learning.",Python; AWS; NLP; LLM; Generative AI; Machine Learning,,https://itviec.com/it-jobs/ai-engineer,"senior ai engineer (genai / rag / multi-agent | aws) phát triển giải pháp genai/rag/multi-agent trên aws. yêu cầu python, aws, nlp, llm, generative ai, machine learning. python; aws; nlp; llm; generative ai; machine learning",False,True,False,False,False,False,False,False,True,False,False,False,False,False,False,False,False,False,False,False,False,True,False,True
JD106,AI Engineer,Trustify Technology,Hồ Chí Minh,ITviec,Full-time,AI / ML,Sign in to view salary,"Phát triển mô hình AI/GenAI với TensorFlow, PyTorch và Python.","Yêu cầu Generative AI, LLM, TensorFlow, PyTorch, Python, English.",Generative AI; LLM; TensorFlow; PyTorch; Python; English,,https://itviec.com/it-jobs/ai-engineer,"ai engineer phát triển mô hình ai/genai với tensorflow, pytorch và python. yêu cầu generative ai, llm, tensorflow, pytorch, python, english. generative ai; llm; tensorflow; pytorch; python; english",False,True,False,False,False,False,False,False,False,False,False,False,False,False,False,True,True,False,False,False,False,False,False,True
JD107,AI Engineer (Agentic Systems & Backend),Smilegate Vietnam,Hồ Chí Minh,ITviec,Full-time,AI / ML,Sign in to view salary,"Phát triển hệ thống AI agentic/backend sử dụng NLP, LLM và Python/Java.","Yêu cầu Generative AI, NLP, Machine Learning, LLM, Java, Python.",Generative AI; NLP; Machine Learning; LLM; Java; Python,,https://itviec.com/it-jobs/machine-learning/ho-chi-minh-hcm,"ai engineer (agentic systems & backend) phát triển hệ thống ai agentic/backend sử dụng nlp, llm và python/java. yêu cầu generative ai, nlp, machine learning, llm, java, python. generative ai; nlp; machine learning; llm; java; python",False,True,False,False,False,False,False,False,True,False,False,False,False,False,False,False,False,False,False,False,False,False,False,True
JD108,Analysis Platform MLOps,ITviec Recruitment Consulting,Hồ Chí Minh,ITviec,Full-time,AI / ML,Sign in to view salary,"Làm việc với nền tảng MLOps, Databricks, DevOps và Data Science.","Yêu cầu English, AI, Databricks, DevOps, Machine Learning, Data Science.",English; AI; Databricks; DevOps; Machine Learning; Data Science,,https://itviec.com/it-jobs/machine-learning/ho-chi-minh-hcm,"analysis platform mlops làm việc với nền tảng mlops, databricks, devops và data science. yêu cầu english, ai, databricks, devops, machine learning, data science. english; ai; databricks; devops; machine learning; data science",False,False,False,False,False,False,False,False,True,False,False,False,False,False,False,False,False,False,False,False,False,False,False,False
JD109,Middle AI Engineer (Inference Engineering),Autonomous,Hồ Chí Minh,ITviec,Full-time,AI / ML,Sign in to view salary,Tối ưu inference cho mô hình machine learning/deep learning.,"Yêu cầu C++, Machine Learning, Deep Learning, Python, TensorFlow, PyTorch.",C++; Machine Learning; Deep Learning; Python; TensorFlow; PyTorch,,https://itviec.com/it-jobs/machine-learning/ho-chi-minh-hcm,"middle ai engineer (inference engineering) tối ưu inference cho mô hình machine learning/deep learning. yêu cầu c++, machine learning, deep learning, python, tensorflow, pytorch. c++; machine learning; deep learning; python; tensorflow; pytorch",False,True,False,False,False,False,False,False,True,True,False,False,False,False,False,True,True,False,False,False,False,False,False,False
JD110,"Junior AI Engineer - LLM (Python, Machine Learning)",TRUONG MINH THINH TECHNOLOGY JOINT STOCK COMPANY,Hồ Chí Minh,ITviec,Fresher,AI / ML,Sign in to view salary,Phát triển ứng dụng AI/LLM bằng Python và machine learning.,"Yêu cầu AI, Machine Learning, Database, Python, LLM, Data Science.",AI; Machine Learning; Database; Python; LLM; Data Science,,https://itviec.com/it-jobs/machine-learning,"junior ai engineer - llm (python, machine learning) phát triển ứng dụng ai/llm bằng python và machine learning. yêu cầu ai, machine learning, database, python, llm, data science. ai; machine learning; database; python; llm; data science",False,True,False,False,False,False,False,False,True,False,False,False,False,False,False,False,False,False,False,False,False,False,False,True
JD111,Applied AI / Machine Learning Engineer,Công ty TNHH Peregrine Management Việt Nam,"Hà Nội, Hồ Chí Minh, Đà Nẵng",ITviec,Full-time,AI / ML,Sign in to view salary,"Phát triển giải pháp AI/ML ứng dụng, làm việc với LLM, SQL và Python.","Yêu cầu AI, LLM, SQL, Python, Machine Learning.",AI; LLM; SQL; Python; Machine Learning,,https://itviec.com/it-jobs/senior-machine-learning-engineer-ai-ml-dai-ichi-life-viet-nam-3304,"applied ai / machine learning engineer phát triển giải pháp ai/ml ứng dụng, làm việc với llm, sql và python. yêu cầu ai, llm, sql, python, machine learning. ai; llm; sql; python; machine learning",True,True,False,False,False,False,False,False,True,False,False,False,False,False,False,False,False,False,False,False,False,False,False,True
JD112,"Senior AI Engineer (Python, for Game Development)",Gameloft,Hồ Chí Minh,ITviec,Full-time,AI / ML,Sign in to view salary,"Ứng dụng AI trong game development, làm việc với Python, LLM, TensorFlow, PyTorch.","Yêu cầu Python, LLM, TensorFlow, PyTorch, Games, AI.",Python; LLM; TensorFlow; PyTorch; Games; AI,,https://itviec.com/it-jobs/ai/ho-chi-minh-hcm,"senior ai engineer (python, for game development) ứng dụng ai trong game development, làm việc với python, llm, tensorflow, pytorch. yêu cầu python, llm, tensorflow, pytorch, games, ai. python; llm; tensorflow; pytorch; games; ai",False,True,False,False,False,False,False,False,False,False,False,False,False,False,False,True,True,False,False,False,False,False,False,True
JD113,Senior AI Research Engineer – Speech AI,VinSmart Future,"Hồ Chí Minh, Hà Nội",ITviec,Full-time,AI / ML,Sign in to view salary,"Nghiên cứu AI giọng nói, deep learning và NLP.","Yêu cầu Deep Learning, NLP và AI Research.",Deep Learning; NLP; Speech AI; AI Research,,https://itviec.com/it-jobs/ai/ho-chi-minh-hcm,"senior ai research engineer – speech ai nghiên cứu ai giọng nói, deep learning và nlp. yêu cầu deep learning, nlp và ai research. deep learning; nlp; speech ai; ai research",False,False,False,False,False,False,False,False,False,True,False,False,False,False,False,False,False,False,False,False,False,False,False,False
